Article Name,Authors
We Tried Fox's Blockchain-Based Tool for Deepfake Detection. Here's How It Went,Sam Kessler
Crypto News Site The Block Bought by Foresight Ventures in $70M Deal,Oliver Knight
Binance Nearly Shuttered U.S. Exchange to Protect Global Operations: The Information,Shaurya Malwa
Alejandro Navia: Building the Future of Tokenized Media,Rosie Perper
Decentralized Media Via Web3: A Solution to Bias and Trust Issues in News?,Prachi Vashisht
Bitcoin Retraces 3 Weeks of Gains as Analysts Blame Macroeconomic Turmoil,Jeff  Wilser
NEAR Crypto Token Pumps After Coinbase Adds It to Listing Roadmap,Jimmy He
Investors Waiting for Safe Token Can Buy Gnosis Tokens for Now,Jimmy He
Associated Press Cancels Sale of Migrant Video NFT After Backlash,Jimmy He
Web 3 Is a Return to the Internet’s Wild Spirit,Will Gottsegen
,Maria  Bustillos
We Tried Fox's Blockchain-Based Tool for Deepfake Detection. Here's How It Went,Sam Kessler
Crypto News Site The Block Bought by Foresight Ventures in $70M Deal,Oliver Knight
Binance Nearly Shuttered U.S. Exchange to Protect Global Operations: The Information,Shaurya Malwa
Alejandro Navia: Building the Future of Tokenized Media,Rosie Perper
Decentralized Media Via Web3: A Solution to Bias and Trust Issues in News?,Prachi Vashisht
Bitcoin Retraces 3 Weeks of Gains as Analysts Blame Macroeconomic Turmoil,Jeff  Wilser
NEAR Crypto Token Pumps After Coinbase Adds It to Listing Roadmap,Jimmy He
Investors Waiting for Safe Token Can Buy Gnosis Tokens for Now,Jimmy He
Associated Press Cancels Sale of Migrant Video NFT After Backlash,Jimmy He
Web 3 Is a Return to the Internet’s Wild Spirit,Will Gottsegen
"DeFi Projects Cover, Ruler Are Shutting Down After Development Team Exits",Maria  Bustillos
Cyprus Betting Regulator to Look At Blockchain and Crypto Trends,Adam B. Levine
Inflation Takes Over From COVID as Biggest Market Risk: Bank of America,Adrian Blust
,Kevin Reynolds
,Sebastian Sinclair
,Adam B. Levine
,Adrian Blust
,Adam B. Levine
,Adam B. Levine
,Adam B. Levine
,Adam B. Levine
,Adam B. Levine
,Omkar Godbole
We Tried Fox's Blockchain-Based Tool for Deepfake Detection. Here's How It Went,Sam Kessler
Crypto News Site The Block Bought by Foresight Ventures in $70M Deal,Oliver Knight
Binance Nearly Shuttered U.S. Exchange to Protect Global Operations: The Information,Shaurya Malwa
Alejandro Navia: Building the Future of Tokenized Media,Rosie Perper
Decentralized Media Via Web3: A Solution to Bias and Trust Issues in News?,Prachi Vashisht
Bitcoin Retraces 3 Weeks of Gains as Analysts Blame Macroeconomic Turmoil,Jeff  Wilser
NEAR Crypto Token Pumps After Coinbase Adds It to Listing Roadmap,Jimmy He
Investors Waiting for Safe Token Can Buy Gnosis Tokens for Now,Jimmy He
Associated Press Cancels Sale of Migrant Video NFT After Backlash,Jimmy He
Web 3 Is a Return to the Internet’s Wild Spirit,Will Gottsegen
"DeFi Projects Cover, Ruler Are Shutting Down After Development Team Exits",Maria  Bustillos
Cyprus Betting Regulator to Look At Blockchain and Crypto Trends,Adam B. Levine
Inflation Takes Over From COVID as Biggest Market Risk: Bank of America,Adrian Blust
Tesla's Elon Musk Wants Coinbase to Become DOGE-Friendly,Kevin Reynolds
Facebook vs. Australia: Which Actually Won in the News and Power Battle?,Sebastian Sinclair
Tesla's Bitcoin Buy May Lead to Widespread Corporate Adoption - Eventually: Wedbush,Adam B. Levine
Veteran Investor Bill Miller Says Bitcoin Is Cash's 'Rat Poison',Adrian Blust
US Firm Launches Company-Sponsored Bitcoin Retirement Plans,Adam B. Levine
Swiss Crypto Bank SEBA to Offer Token Securitization on Corda Network,Adam B. Levine
"Attempted 51% Attack on Bitcoin Gold Was Thwarted, Developers Say",Adam B. Levine
Tron Arbitration Challenged in Hostile Work Environment Lawsuit,Adam B. Levine
ConsenSys Strategy Chief Steps Down to Launch Venture Fund,Adam B. Levine
German Regulator Orders ‘KaratGold Coin’ Issuer to Cease Operations,Omkar Godbole
,Omkar Godbole
,CoinDesk Staff
,Omkar Godbole
,Omkar Godbole
,Omkar Godbole
,Sandali Handagama
,Danny Nelson
,Ada Hui
,William Foxley
,William Foxley
We Tried Fox's Blockchain-Based Tool for Deepfake Detection. Here's How It Went,Sam Kessler
Crypto News Site The Block Bought by Foresight Ventures in $70M Deal,Oliver Knight
Binance Nearly Shuttered U.S. Exchange to Protect Global Operations: The Information,Shaurya Malwa
Alejandro Navia: Building the Future of Tokenized Media,Rosie Perper
Decentralized Media Via Web3: A Solution to Bias and Trust Issues in News?,Prachi Vashisht
Bitcoin Retraces 3 Weeks of Gains as Analysts Blame Macroeconomic Turmoil,Jeff  Wilser
NEAR Crypto Token Pumps After Coinbase Adds It to Listing Roadmap,Jimmy He
Investors Waiting for Safe Token Can Buy Gnosis Tokens for Now,Jimmy He
Associated Press Cancels Sale of Migrant Video NFT After Backlash,Jimmy He
Web 3 Is a Return to the Internet’s Wild Spirit,Will Gottsegen
"DeFi Projects Cover, Ruler Are Shutting Down After Development Team Exits",Maria  Bustillos
Cyprus Betting Regulator to Look At Blockchain and Crypto Trends,Adam B. Levine
Inflation Takes Over From COVID as Biggest Market Risk: Bank of America,Adrian Blust
Tesla's Elon Musk Wants Coinbase to Become DOGE-Friendly,Kevin Reynolds
Facebook vs. Australia: Which Actually Won in the News and Power Battle?,Sebastian Sinclair
Tesla's Bitcoin Buy May Lead to Widespread Corporate Adoption - Eventually: Wedbush,Adam B. Levine
Veteran Investor Bill Miller Says Bitcoin Is Cash's 'Rat Poison',Adrian Blust
US Firm Launches Company-Sponsored Bitcoin Retirement Plans,Adam B. Levine
Swiss Crypto Bank SEBA to Offer Token Securitization on Corda Network,Adam B. Levine
"Attempted 51% Attack on Bitcoin Gold Was Thwarted, Developers Say",Adam B. Levine
Tron Arbitration Challenged in Hostile Work Environment Lawsuit,Adam B. Levine
ConsenSys Strategy Chief Steps Down to Launch Venture Fund,Adam B. Levine
German Regulator Orders ‘KaratGold Coin’ Issuer to Cease Operations,Omkar Godbole
Criminal Case Against Failed WEX Crypto Exchange Points at Russian Law Enforcement,Omkar Godbole
"Stablecoin Crisis Could Wreck Global Finance, Fed Warns in New Report",CoinDesk Staff
Tether to File Motion to Dismiss Class Action Lawsuit Based on NYAG Claims,Omkar Godbole
"As Bitcoin Cash Hard Forks, Unknown Mining Pool Continues Old Chain",Omkar Godbole
Chainalysis Says BitForex Trading Volumes Could Be Fake,Omkar Godbole
China Is Poised for Another Crypto Trading Crackdown as Speculative Fever Returns,Sandali Handagama
"Nestle, Carrefour Extend Blockchain Tracking Effort to Baby Milk",Danny Nelson
Ukrainian Railways Branch Caught Mining Crypto With State Power,Ada Hui
"BRICS Nations Ponder Digital Currency to Ease Trade, Reduce USD Reliance",William Foxley
US Authorities Arrest Alleged SIM Swappers After Crypto Thefts,William Foxley
,Anna Baydakova
,Danny Nelson
,Nate DiCamillo
,William Foxley
,Danny Nelson
,Wolfie Zhao
,Daniel Palmer
,Daniel Palmer
,Daniel Palmer
,Nikhilesh De
We Tried Fox's Blockchain-Based Tool for Deepfake Detection. Here's How It Went,Sam Kessler
Crypto News Site The Block Bought by Foresight Ventures in $70M Deal,Oliver Knight
Binance Nearly Shuttered U.S. Exchange to Protect Global Operations: The Information,Shaurya Malwa
Alejandro Navia: Building the Future of Tokenized Media,Rosie Perper
Decentralized Media Via Web3: A Solution to Bias and Trust Issues in News?,Prachi Vashisht
Bitcoin Retraces 3 Weeks of Gains as Analysts Blame Macroeconomic Turmoil,Jeff  Wilser
NEAR Crypto Token Pumps After Coinbase Adds It to Listing Roadmap,Jimmy He
Investors Waiting for Safe Token Can Buy Gnosis Tokens for Now,Jimmy He
Associated Press Cancels Sale of Migrant Video NFT After Backlash,Jimmy He
Web 3 Is a Return to the Internet’s Wild Spirit,Will Gottsegen
"DeFi Projects Cover, Ruler Are Shutting Down After Development Team Exits",Maria  Bustillos
Cyprus Betting Regulator to Look At Blockchain and Crypto Trends,Adam B. Levine
Inflation Takes Over From COVID as Biggest Market Risk: Bank of America,Adrian Blust
Tesla's Elon Musk Wants Coinbase to Become DOGE-Friendly,Kevin Reynolds
Facebook vs. Australia: Which Actually Won in the News and Power Battle?,Sebastian Sinclair
Tesla's Bitcoin Buy May Lead to Widespread Corporate Adoption - Eventually: Wedbush,Adam B. Levine
Veteran Investor Bill Miller Says Bitcoin Is Cash's 'Rat Poison',Adrian Blust
US Firm Launches Company-Sponsored Bitcoin Retirement Plans,Adam B. Levine
Swiss Crypto Bank SEBA to Offer Token Securitization on Corda Network,Adam B. Levine
"Attempted 51% Attack on Bitcoin Gold Was Thwarted, Developers Say",Adam B. Levine
Tron Arbitration Challenged in Hostile Work Environment Lawsuit,Adam B. Levine
ConsenSys Strategy Chief Steps Down to Launch Venture Fund,Adam B. Levine
German Regulator Orders ‘KaratGold Coin’ Issuer to Cease Operations,Omkar Godbole
Criminal Case Against Failed WEX Crypto Exchange Points at Russian Law Enforcement,Omkar Godbole
"Stablecoin Crisis Could Wreck Global Finance, Fed Warns in New Report",CoinDesk Staff
Tether to File Motion to Dismiss Class Action Lawsuit Based on NYAG Claims,Omkar Godbole
"As Bitcoin Cash Hard Forks, Unknown Mining Pool Continues Old Chain",Omkar Godbole
Chainalysis Says BitForex Trading Volumes Could Be Fake,Omkar Godbole
China Is Poised for Another Crypto Trading Crackdown as Speculative Fever Returns,Sandali Handagama
"Nestle, Carrefour Extend Blockchain Tracking Effort to Baby Milk",Danny Nelson
Ukrainian Railways Branch Caught Mining Crypto With State Power,Ada Hui
"BRICS Nations Ponder Digital Currency to Ease Trade, Reduce USD Reliance",William Foxley
US Authorities Arrest Alleged SIM Swappers After Crypto Thefts,William Foxley
Fake Website Prompts China's Central Bank to Deny Digital Yuan Launch,Anna Baydakova
OneCoin Founder's Brother Faces 90-Year Jail Term After Plea Deal,Danny Nelson
WATCH: Coinmine Adds Interest Payments to Its At-Home Crypto Miners,Nate DiCamillo
"Coinbase Expands Reach of Visa Card in Europe, Adds 5 New Cryptos",William Foxley
PayPal's Axing of Pornhub Model Payments May Boost Crypto Conversions,Danny Nelson
Samsung SDS Beefs Up Privacy on Its Business-Grade Blockchain,Wolfie Zhao
Crypto.com Grows Offerings With New Exchange and Fundraising Platform,Daniel Palmer
Swiss SIX Exchange Lists Tezos ETP With Staking Rewards,Daniel Palmer
Bitcoin Miner Maker Canaan Sets $100 Million Target for US IPO,Daniel Palmer
Data Provider Messari Closes $4 Million Funding Round,Nikhilesh De
,David Pan
,William Foxley
,John Biggs
,Daniel Palmer
,Daniel Palmer
,Leigh Cuen
,Ian Allison
,Danny Nelson
,William Foxley
,Wolfie Zhao
,William Foxley
We Tried Fox's Blockchain-Based Tool for Deepfake Detection. Here's How It Went,Sam Kessler
Crypto News Site The Block Bought by Foresight Ventures in $70M Deal,Oliver Knight
Binance Nearly Shuttered U.S. Exchange to Protect Global Operations: The Information,Shaurya Malwa
Alejandro Navia: Building the Future of Tokenized Media,Rosie Perper
Decentralized Media Via Web3: A Solution to Bias and Trust Issues in News?,Prachi Vashisht
Bitcoin Retraces 3 Weeks of Gains as Analysts Blame Macroeconomic Turmoil,Jeff  Wilser
NEAR Crypto Token Pumps After Coinbase Adds It to Listing Roadmap,Jimmy He
Investors Waiting for Safe Token Can Buy Gnosis Tokens for Now,Jimmy He
Associated Press Cancels Sale of Migrant Video NFT After Backlash,Jimmy He
Web 3 Is a Return to the Internet’s Wild Spirit,Will Gottsegen
"DeFi Projects Cover, Ruler Are Shutting Down After Development Team Exits",Maria  Bustillos
Cyprus Betting Regulator to Look At Blockchain and Crypto Trends,Adam B. Levine
Inflation Takes Over From COVID as Biggest Market Risk: Bank of America,Adrian Blust
Tesla's Elon Musk Wants Coinbase to Become DOGE-Friendly,Kevin Reynolds
Facebook vs. Australia: Which Actually Won in the News and Power Battle?,Sebastian Sinclair
Tesla's Bitcoin Buy May Lead to Widespread Corporate Adoption - Eventually: Wedbush,Adam B. Levine
Veteran Investor Bill Miller Says Bitcoin Is Cash's 'Rat Poison',Adrian Blust
US Firm Launches Company-Sponsored Bitcoin Retirement Plans,Adam B. Levine
Swiss Crypto Bank SEBA to Offer Token Securitization on Corda Network,Adam B. Levine
"Attempted 51% Attack on Bitcoin Gold Was Thwarted, Developers Say",Adam B. Levine
Tron Arbitration Challenged in Hostile Work Environment Lawsuit,Adam B. Levine
ConsenSys Strategy Chief Steps Down to Launch Venture Fund,Adam B. Levine
German Regulator Orders ‘KaratGold Coin’ Issuer to Cease Operations,Omkar Godbole
Criminal Case Against Failed WEX Crypto Exchange Points at Russian Law Enforcement,Omkar Godbole
"Stablecoin Crisis Could Wreck Global Finance, Fed Warns in New Report",CoinDesk Staff
Tether to File Motion to Dismiss Class Action Lawsuit Based on NYAG Claims,Omkar Godbole
"As Bitcoin Cash Hard Forks, Unknown Mining Pool Continues Old Chain",Omkar Godbole
Chainalysis Says BitForex Trading Volumes Could Be Fake,Omkar Godbole
China Is Poised for Another Crypto Trading Crackdown as Speculative Fever Returns,Sandali Handagama
"Nestle, Carrefour Extend Blockchain Tracking Effort to Baby Milk",Danny Nelson
Ukrainian Railways Branch Caught Mining Crypto With State Power,Ada Hui
"BRICS Nations Ponder Digital Currency to Ease Trade, Reduce USD Reliance",William Foxley
US Authorities Arrest Alleged SIM Swappers After Crypto Thefts,William Foxley
Fake Website Prompts China's Central Bank to Deny Digital Yuan Launch,Anna Baydakova
OneCoin Founder's Brother Faces 90-Year Jail Term After Plea Deal,Danny Nelson
WATCH: Coinmine Adds Interest Payments to Its At-Home Crypto Miners,Nate DiCamillo
"Coinbase Expands Reach of Visa Card in Europe, Adds 5 New Cryptos",William Foxley
PayPal's Axing of Pornhub Model Payments May Boost Crypto Conversions,Danny Nelson
Samsung SDS Beefs Up Privacy on Its Business-Grade Blockchain,Wolfie Zhao
Crypto.com Grows Offerings With New Exchange and Fundraising Platform,Daniel Palmer
Swiss SIX Exchange Lists Tezos ETP With Staking Rewards,Daniel Palmer
Bitcoin Miner Maker Canaan Sets $100 Million Target for US IPO,Daniel Palmer
Data Provider Messari Closes $4 Million Funding Round,Nikhilesh De
Kik Suffers Setbacks With 'Void for Vagueness' Defense in SEC Case,David Pan
"Winklevoss Capital, Coinbase Back $1.8 Million Round for Bitski Crypto Wallet",William Foxley
ASX-Listed DigitalX Seeds New Fund With Half Its Bitcoin Holdings,John Biggs
"Telegram Refutes All SEC Allegations, Asks Court to Dismiss in New Filing",Daniel Palmer
"HSBC, SGX to Investigate if DLT Offers Efficiency Boost for Bond Markets",Daniel Palmer
Bakkt in Discussions to Offer Cash-Settled Bitcoin Futures in Singapore,Leigh Cuen
"Despite Denials, Tron Founder Confirms Investment in Poloniex Crypto Exchange",Ian Allison
BitGo Says It's Now Processing 20% of Bitcoin Transactions,Danny Nelson
China Central Bank Official: Digital Yuan Should Have 'Controllable Anonymity',William Foxley
Tunisia's Central Bank Denies Reports Claiming It Issued an E-Dinar,Wolfie Zhao
,William Foxley
,Daniel Palmer
,Zack Seward
,Daniel Palmer
,Daniel Palmer
,Daniel Palmer
,Nikhilesh De
,David Pan
,Anna Baydakova
,Danny Nelson
,David Pan
,Danny Nelson
,Anna Baydakova
We Tried Fox's Blockchain-Based Tool for Deepfake Detection. Here's How It Went,Sam Kessler
Crypto News Site The Block Bought by Foresight Ventures in $70M Deal,Oliver Knight
Binance Nearly Shuttered U.S. Exchange to Protect Global Operations: The Information,Shaurya Malwa
Alejandro Navia: Building the Future of Tokenized Media,Rosie Perper
Decentralized Media Via Web3: A Solution to Bias and Trust Issues in News?,Prachi Vashisht
Bitcoin Retraces 3 Weeks of Gains as Analysts Blame Macroeconomic Turmoil,Jeff  Wilser
NEAR Crypto Token Pumps After Coinbase Adds It to Listing Roadmap,Jimmy He
Investors Waiting for Safe Token Can Buy Gnosis Tokens for Now,Jimmy He
Associated Press Cancels Sale of Migrant Video NFT After Backlash,Jimmy He
Web 3 Is a Return to the Internet’s Wild Spirit,Will Gottsegen
"DeFi Projects Cover, Ruler Are Shutting Down After Development Team Exits",Maria  Bustillos
Cyprus Betting Regulator to Look At Blockchain and Crypto Trends,Adam B. Levine
Inflation Takes Over From COVID as Biggest Market Risk: Bank of America,Adrian Blust
Tesla's Elon Musk Wants Coinbase to Become DOGE-Friendly,Kevin Reynolds
Facebook vs. Australia: Which Actually Won in the News and Power Battle?,Sebastian Sinclair
Tesla's Bitcoin Buy May Lead to Widespread Corporate Adoption - Eventually: Wedbush,Adam B. Levine
Veteran Investor Bill Miller Says Bitcoin Is Cash's 'Rat Poison',Adrian Blust
US Firm Launches Company-Sponsored Bitcoin Retirement Plans,Adam B. Levine
Swiss Crypto Bank SEBA to Offer Token Securitization on Corda Network,Adam B. Levine
"Attempted 51% Attack on Bitcoin Gold Was Thwarted, Developers Say",Adam B. Levine
Tron Arbitration Challenged in Hostile Work Environment Lawsuit,Adam B. Levine
ConsenSys Strategy Chief Steps Down to Launch Venture Fund,Adam B. Levine
German Regulator Orders ‘KaratGold Coin’ Issuer to Cease Operations,Omkar Godbole
Criminal Case Against Failed WEX Crypto Exchange Points at Russian Law Enforcement,Omkar Godbole
"Stablecoin Crisis Could Wreck Global Finance, Fed Warns in New Report",CoinDesk Staff
Tether to File Motion to Dismiss Class Action Lawsuit Based on NYAG Claims,Omkar Godbole
"As Bitcoin Cash Hard Forks, Unknown Mining Pool Continues Old Chain",Omkar Godbole
Chainalysis Says BitForex Trading Volumes Could Be Fake,Omkar Godbole
China Is Poised for Another Crypto Trading Crackdown as Speculative Fever Returns,Sandali Handagama
"Nestle, Carrefour Extend Blockchain Tracking Effort to Baby Milk",Danny Nelson
Ukrainian Railways Branch Caught Mining Crypto With State Power,Ada Hui
"BRICS Nations Ponder Digital Currency to Ease Trade, Reduce USD Reliance",William Foxley
US Authorities Arrest Alleged SIM Swappers After Crypto Thefts,William Foxley
Fake Website Prompts China's Central Bank to Deny Digital Yuan Launch,Anna Baydakova
OneCoin Founder's Brother Faces 90-Year Jail Term After Plea Deal,Danny Nelson
WATCH: Coinmine Adds Interest Payments to Its At-Home Crypto Miners,Nate DiCamillo
"Coinbase Expands Reach of Visa Card in Europe, Adds 5 New Cryptos",William Foxley
PayPal's Axing of Pornhub Model Payments May Boost Crypto Conversions,Danny Nelson
Samsung SDS Beefs Up Privacy on Its Business-Grade Blockchain,Wolfie Zhao
Crypto.com Grows Offerings With New Exchange and Fundraising Platform,Daniel Palmer
Swiss SIX Exchange Lists Tezos ETP With Staking Rewards,Daniel Palmer
Bitcoin Miner Maker Canaan Sets $100 Million Target for US IPO,Daniel Palmer
Data Provider Messari Closes $4 Million Funding Round,Nikhilesh De
Kik Suffers Setbacks With 'Void for Vagueness' Defense in SEC Case,David Pan
"Winklevoss Capital, Coinbase Back $1.8 Million Round for Bitski Crypto Wallet",William Foxley
ASX-Listed DigitalX Seeds New Fund With Half Its Bitcoin Holdings,John Biggs
"Telegram Refutes All SEC Allegations, Asks Court to Dismiss in New Filing",Daniel Palmer
"HSBC, SGX to Investigate if DLT Offers Efficiency Boost for Bond Markets",Daniel Palmer
Bakkt in Discussions to Offer Cash-Settled Bitcoin Futures in Singapore,Leigh Cuen
"Despite Denials, Tron Founder Confirms Investment in Poloniex Crypto Exchange",Ian Allison
BitGo Says It's Now Processing 20% of Bitcoin Transactions,Danny Nelson
China Central Bank Official: Digital Yuan Should Have 'Controllable Anonymity',William Foxley
Tunisia's Central Bank Denies Reports Claiming It Issued an E-Dinar,Wolfie Zhao
CME Says It Will Launch Bitcoin Options in January,William Foxley
Binance Exchange Is First Client for Paxos' New Dollar Gateway,Daniel Palmer
Chainalysis' 'Kryptos' Tool Is an Inside Look for Outside Investors,Zack Seward
Huobi’s 'Regulator-Friendly' Blockchain Goes Open Source,Daniel Palmer
"With Code of Conduct, Trade Group ADAM Seeks Legitimacy for Crypto",Daniel Palmer
Web3 Studying How to Integrate Kadena's Smart Contract Language on Polkadot,Daniel Palmer
AlphaPoint's White Label Tech Now Lets Crypto Exchanges Offer Margin Trading,Nikhilesh De
Investment App Abra Expands US Offerings With 60 New Cryptos,David Pan
Alibaba’s Ant Financial Starts Pre-Launch Testing of Business Blockchain,Anna Baydakova
HTC Will Support Binance Chain With Special Edition Smartphone,Danny Nelson
,David Pan
,Danny Nelson
,Anna Baydakova
,Daniel Palmer
,Omkar Godbole
,Danny Nelson
,David Pan
,Marc Hochstein
,David Pan
,Danny Nelson
,David Pan
,David Pan
,Nikhilesh De
We Tried Fox's Blockchain-Based Tool for Deepfake Detection. Here's How It Went,Sam Kessler
Crypto News Site The Block Bought by Foresight Ventures in $70M Deal,Oliver Knight
Binance Nearly Shuttered U.S. Exchange to Protect Global Operations: The Information,Shaurya Malwa
Alejandro Navia: Building the Future of Tokenized Media,Rosie Perper
Decentralized Media Via Web3: A Solution to Bias and Trust Issues in News?,Prachi Vashisht
Bitcoin Retraces 3 Weeks of Gains as Analysts Blame Macroeconomic Turmoil,Jeff  Wilser
NEAR Crypto Token Pumps After Coinbase Adds It to Listing Roadmap,Jimmy He
Investors Waiting for Safe Token Can Buy Gnosis Tokens for Now,Jimmy He
Associated Press Cancels Sale of Migrant Video NFT After Backlash,Jimmy He
Web 3 Is a Return to the Internet’s Wild Spirit,Will Gottsegen
"DeFi Projects Cover, Ruler Are Shutting Down After Development Team Exits",Maria  Bustillos
Cyprus Betting Regulator to Look At Blockchain and Crypto Trends,Adam B. Levine
Inflation Takes Over From COVID as Biggest Market Risk: Bank of America,Adrian Blust
Tesla's Elon Musk Wants Coinbase to Become DOGE-Friendly,Kevin Reynolds
Facebook vs. Australia: Which Actually Won in the News and Power Battle?,Sebastian Sinclair
Tesla's Bitcoin Buy May Lead to Widespread Corporate Adoption - Eventually: Wedbush,Adam B. Levine
Veteran Investor Bill Miller Says Bitcoin Is Cash's 'Rat Poison',Adrian Blust
US Firm Launches Company-Sponsored Bitcoin Retirement Plans,Adam B. Levine
Swiss Crypto Bank SEBA to Offer Token Securitization on Corda Network,Adam B. Levine
"Attempted 51% Attack on Bitcoin Gold Was Thwarted, Developers Say",Adam B. Levine
Tron Arbitration Challenged in Hostile Work Environment Lawsuit,Adam B. Levine
ConsenSys Strategy Chief Steps Down to Launch Venture Fund,Adam B. Levine
German Regulator Orders ‘KaratGold Coin’ Issuer to Cease Operations,Omkar Godbole
Criminal Case Against Failed WEX Crypto Exchange Points at Russian Law Enforcement,Omkar Godbole
"Stablecoin Crisis Could Wreck Global Finance, Fed Warns in New Report",CoinDesk Staff
Tether to File Motion to Dismiss Class Action Lawsuit Based on NYAG Claims,Omkar Godbole
"As Bitcoin Cash Hard Forks, Unknown Mining Pool Continues Old Chain",Omkar Godbole
Chainalysis Says BitForex Trading Volumes Could Be Fake,Omkar Godbole
China Is Poised for Another Crypto Trading Crackdown as Speculative Fever Returns,Sandali Handagama
"Nestle, Carrefour Extend Blockchain Tracking Effort to Baby Milk",Danny Nelson
Ukrainian Railways Branch Caught Mining Crypto With State Power,Ada Hui
"BRICS Nations Ponder Digital Currency to Ease Trade, Reduce USD Reliance",William Foxley
US Authorities Arrest Alleged SIM Swappers After Crypto Thefts,William Foxley
Fake Website Prompts China's Central Bank to Deny Digital Yuan Launch,Anna Baydakova
OneCoin Founder's Brother Faces 90-Year Jail Term After Plea Deal,Danny Nelson
WATCH: Coinmine Adds Interest Payments to Its At-Home Crypto Miners,Nate DiCamillo
"Coinbase Expands Reach of Visa Card in Europe, Adds 5 New Cryptos",William Foxley
PayPal's Axing of Pornhub Model Payments May Boost Crypto Conversions,Danny Nelson
Samsung SDS Beefs Up Privacy on Its Business-Grade Blockchain,Wolfie Zhao
Crypto.com Grows Offerings With New Exchange and Fundraising Platform,Daniel Palmer
Swiss SIX Exchange Lists Tezos ETP With Staking Rewards,Daniel Palmer
Bitcoin Miner Maker Canaan Sets $100 Million Target for US IPO,Daniel Palmer
Data Provider Messari Closes $4 Million Funding Round,Nikhilesh De
Kik Suffers Setbacks With 'Void for Vagueness' Defense in SEC Case,David Pan
"Winklevoss Capital, Coinbase Back $1.8 Million Round for Bitski Crypto Wallet",William Foxley
ASX-Listed DigitalX Seeds New Fund With Half Its Bitcoin Holdings,John Biggs
"Telegram Refutes All SEC Allegations, Asks Court to Dismiss in New Filing",Daniel Palmer
"HSBC, SGX to Investigate if DLT Offers Efficiency Boost for Bond Markets",Daniel Palmer
Bakkt in Discussions to Offer Cash-Settled Bitcoin Futures in Singapore,Leigh Cuen
"Despite Denials, Tron Founder Confirms Investment in Poloniex Crypto Exchange",Ian Allison
BitGo Says It's Now Processing 20% of Bitcoin Transactions,Danny Nelson
China Central Bank Official: Digital Yuan Should Have 'Controllable Anonymity',William Foxley
Tunisia's Central Bank Denies Reports Claiming It Issued an E-Dinar,Wolfie Zhao
CME Says It Will Launch Bitcoin Options in January,William Foxley
Binance Exchange Is First Client for Paxos' New Dollar Gateway,Daniel Palmer
Chainalysis' 'Kryptos' Tool Is an Inside Look for Outside Investors,Zack Seward
Huobi’s 'Regulator-Friendly' Blockchain Goes Open Source,Daniel Palmer
"With Code of Conduct, Trade Group ADAM Seeks Legitimacy for Crypto",Daniel Palmer
Web3 Studying How to Integrate Kadena's Smart Contract Language on Polkadot,Daniel Palmer
AlphaPoint's White Label Tech Now Lets Crypto Exchanges Offer Margin Trading,Nikhilesh De
Investment App Abra Expands US Offerings With 60 New Cryptos,David Pan
Alibaba’s Ant Financial Starts Pre-Launch Testing of Business Blockchain,Anna Baydakova
HTC Will Support Binance Chain With Special Edition Smartphone,Danny Nelson
Former Cumberland and Circle Traders Pool Money for Crypto Prop Trading,David Pan
"UPS Ships Beef to Japan, Tracked and Monitored Using Blockchain Tech",Danny Nelson
Bithumb Global Launches Native Token for Exchange Ecosystem,Anna Baydakova
French Central Bank Job Posting Reveals Digital Currency Program,Daniel Palmer
Bakkt Expands Bitcoin Custody Service Beyond Futures Trading Clients,Omkar Godbole
ECB's Benoit Coeure to Lead Central Banking Digital Currency Initiative,Danny Nelson
Bittrex Will Release Frozen Crypto to Former Users in Sanctioned Regimes,David Pan
US Homeland Security Taps Canadian Blockchain Firm to Track Oil Imports,Marc Hochstein
"MAS, JPMorgan Build Payments System With Inter-Blockchain Connectivity",David Pan
Ex-Cinnober Blockchain Lead Joins Nordic Crypto Fund to Bet Big on Bitcoin,Danny Nelson
,David Pan
,David Pan
,Nikhilesh De
,Bradley Keoun
,Danny Nelson
,William Foxley
,Nate DiCamillo
,Nikhilesh De
,Daniel Palmer
,Nikhilesh De
,Danny Nelson
,Daniel Palmer
,Anna Baydakova
We Tried Fox's Blockchain-Based Tool for Deepfake Detection. Here's How It Went,Sam Kessler
Crypto News Site The Block Bought by Foresight Ventures in $70M Deal,Oliver Knight
Binance Nearly Shuttered U.S. Exchange to Protect Global Operations: The Information,Shaurya Malwa
Alejandro Navia: Building the Future of Tokenized Media,Rosie Perper
Decentralized Media Via Web3: A Solution to Bias and Trust Issues in News?,Prachi Vashisht
Bitcoin Retraces 3 Weeks of Gains as Analysts Blame Macroeconomic Turmoil,Jeff  Wilser
NEAR Crypto Token Pumps After Coinbase Adds It to Listing Roadmap,Jimmy He
Investors Waiting for Safe Token Can Buy Gnosis Tokens for Now,Jimmy He
Associated Press Cancels Sale of Migrant Video NFT After Backlash,Jimmy He
Web 3 Is a Return to the Internet’s Wild Spirit,Will Gottsegen
"DeFi Projects Cover, Ruler Are Shutting Down After Development Team Exits",Maria  Bustillos
Cyprus Betting Regulator to Look At Blockchain and Crypto Trends,Adam B. Levine
Inflation Takes Over From COVID as Biggest Market Risk: Bank of America,Adrian Blust
Tesla's Elon Musk Wants Coinbase to Become DOGE-Friendly,Kevin Reynolds
Facebook vs. Australia: Which Actually Won in the News and Power Battle?,Sebastian Sinclair
Tesla's Bitcoin Buy May Lead to Widespread Corporate Adoption - Eventually: Wedbush,Adam B. Levine
Veteran Investor Bill Miller Says Bitcoin Is Cash's 'Rat Poison',Adrian Blust
US Firm Launches Company-Sponsored Bitcoin Retirement Plans,Adam B. Levine
Swiss Crypto Bank SEBA to Offer Token Securitization on Corda Network,Adam B. Levine
"Attempted 51% Attack on Bitcoin Gold Was Thwarted, Developers Say",Adam B. Levine
Tron Arbitration Challenged in Hostile Work Environment Lawsuit,Adam B. Levine
ConsenSys Strategy Chief Steps Down to Launch Venture Fund,Adam B. Levine
German Regulator Orders ‘KaratGold Coin’ Issuer to Cease Operations,Omkar Godbole
Criminal Case Against Failed WEX Crypto Exchange Points at Russian Law Enforcement,Omkar Godbole
"Stablecoin Crisis Could Wreck Global Finance, Fed Warns in New Report",CoinDesk Staff
Tether to File Motion to Dismiss Class Action Lawsuit Based on NYAG Claims,Omkar Godbole
"As Bitcoin Cash Hard Forks, Unknown Mining Pool Continues Old Chain",Omkar Godbole
Chainalysis Says BitForex Trading Volumes Could Be Fake,Omkar Godbole
China Is Poised for Another Crypto Trading Crackdown as Speculative Fever Returns,Sandali Handagama
"Nestle, Carrefour Extend Blockchain Tracking Effort to Baby Milk",Danny Nelson
Ukrainian Railways Branch Caught Mining Crypto With State Power,Ada Hui
"BRICS Nations Ponder Digital Currency to Ease Trade, Reduce USD Reliance",William Foxley
US Authorities Arrest Alleged SIM Swappers After Crypto Thefts,William Foxley
Fake Website Prompts China's Central Bank to Deny Digital Yuan Launch,Anna Baydakova
OneCoin Founder's Brother Faces 90-Year Jail Term After Plea Deal,Danny Nelson
WATCH: Coinmine Adds Interest Payments to Its At-Home Crypto Miners,Nate DiCamillo
"Coinbase Expands Reach of Visa Card in Europe, Adds 5 New Cryptos",William Foxley
PayPal's Axing of Pornhub Model Payments May Boost Crypto Conversions,Danny Nelson
Samsung SDS Beefs Up Privacy on Its Business-Grade Blockchain,Wolfie Zhao
Crypto.com Grows Offerings With New Exchange and Fundraising Platform,Daniel Palmer
Swiss SIX Exchange Lists Tezos ETP With Staking Rewards,Daniel Palmer
Bitcoin Miner Maker Canaan Sets $100 Million Target for US IPO,Daniel Palmer
Data Provider Messari Closes $4 Million Funding Round,Nikhilesh De
Kik Suffers Setbacks With 'Void for Vagueness' Defense in SEC Case,David Pan
"Winklevoss Capital, Coinbase Back $1.8 Million Round for Bitski Crypto Wallet",William Foxley
ASX-Listed DigitalX Seeds New Fund With Half Its Bitcoin Holdings,John Biggs
"Telegram Refutes All SEC Allegations, Asks Court to Dismiss in New Filing",Daniel Palmer
"HSBC, SGX to Investigate if DLT Offers Efficiency Boost for Bond Markets",Daniel Palmer
Bakkt in Discussions to Offer Cash-Settled Bitcoin Futures in Singapore,Leigh Cuen
"Despite Denials, Tron Founder Confirms Investment in Poloniex Crypto Exchange",Ian Allison
BitGo Says It's Now Processing 20% of Bitcoin Transactions,Danny Nelson
China Central Bank Official: Digital Yuan Should Have 'Controllable Anonymity',William Foxley
Tunisia's Central Bank Denies Reports Claiming It Issued an E-Dinar,Wolfie Zhao
CME Says It Will Launch Bitcoin Options in January,William Foxley
Binance Exchange Is First Client for Paxos' New Dollar Gateway,Daniel Palmer
Chainalysis' 'Kryptos' Tool Is an Inside Look for Outside Investors,Zack Seward
Huobi’s 'Regulator-Friendly' Blockchain Goes Open Source,Daniel Palmer
"With Code of Conduct, Trade Group ADAM Seeks Legitimacy for Crypto",Daniel Palmer
Web3 Studying How to Integrate Kadena's Smart Contract Language on Polkadot,Daniel Palmer
AlphaPoint's White Label Tech Now Lets Crypto Exchanges Offer Margin Trading,Nikhilesh De
Investment App Abra Expands US Offerings With 60 New Cryptos,David Pan
Alibaba’s Ant Financial Starts Pre-Launch Testing of Business Blockchain,Anna Baydakova
HTC Will Support Binance Chain With Special Edition Smartphone,Danny Nelson
Former Cumberland and Circle Traders Pool Money for Crypto Prop Trading,David Pan
"UPS Ships Beef to Japan, Tracked and Monitored Using Blockchain Tech",Danny Nelson
Bithumb Global Launches Native Token for Exchange Ecosystem,Anna Baydakova
French Central Bank Job Posting Reveals Digital Currency Program,Daniel Palmer
Bakkt Expands Bitcoin Custody Service Beyond Futures Trading Clients,Omkar Godbole
ECB's Benoit Coeure to Lead Central Banking Digital Currency Initiative,Danny Nelson
Bittrex Will Release Frozen Crypto to Former Users in Sanctioned Regimes,David Pan
US Homeland Security Taps Canadian Blockchain Firm to Track Oil Imports,Marc Hochstein
"MAS, JPMorgan Build Payments System With Inter-Blockchain Connectivity",David Pan
Ex-Cinnober Blockchain Lead Joins Nordic Crypto Fund to Bet Big on Bitcoin,Danny Nelson
Why Bitcoin's Next 'Halving' May Not Pump the Price Like Last Time,David Pan
Tencent to Build Virtual Bank After Hong Kong Regulator Approves License,David Pan
"Bitcoin Falls 4.3%, Slipping Below $9,000 for First Time in Two Weeks",Nikhilesh De
PODCAST: Meltem Demirors on the 3 Things Bitcoin Represents,Bradley Keoun
PODCAST: Josh Brown on Why Bitcoin Is Like the 1800s Railroad Boom,Danny Nelson
PODCAST: Kaiko's Ambre Soubiran on Bitcoin's 'Intrinsic Value',William Foxley
Crypto and Blockchain Jobs Have Increased By 26% Since 2018: Research,Nate DiCamillo
Pension Funds Double Crypto Asset Exposure in Morgan Creek's Fund to 1%,Nikhilesh De
Founder of Bitmain Rival Held by Police Over Possible IP Dispute,Daniel Palmer
FBI Director: Cryptocurrency Is 'Significant Issue' for Law Enforcement,Nikhilesh De
,Danny Nelson
,Daniel Palmer
,Anna Baydakova
,Noelle Acheson
,David Pan
,Bradley Keoun
,Nathaniel Whittemore
,Nathaniel Whittemore
,Nathaniel Whittemore
,William Foxley
,Nate DiCamillo
,Wolfie Zhao
,William Foxley
